"id","Video Description","Video Create Time","Video Category Type","Video Duration","Video Width","Video Height","Video URL","Video Cover","Video View Count","Video Like Count","Video Comment Count","Video Share Count","Author ID","Author Nickname","Author Username","Author Avatar","Author Bio","Author Verified","Music ID","Music Title","Music Author","Music Cover","Music URL","Music Duration","Video Page URL"
"7517513803530079496","video hidden gem yg dihapus ncek source:@timothyronaldofficial  #timothyronald #akademicrypto #crypto #bitcoin #kalimasada #fyp #fyppp #fyp„Ç∑„Çöviral #fyp„Ç∑„Çö #foryou #fypage #fyyyyyyyyyyyyyyyy ",1750307581,116,"153","576","1024","https://v16-webapp-prime.tiktok.com/video/tos/alisg/tos-alisg-pve-0037c001/oodR4UilONQL7TUxEXJekkgIBfAQiBQqxBpo5E/?a=1988&bti=ODszNWYuMDE6&ch=0&cr=3&dr=0&lr=all&cd=0%7C0%7C0%7C&cv=1&br=1458&bt=729&cs=0&ds=6&ft=-Csk_mc3PD12Nd39Gh-Uxi~FaY6e3wv25zcAp&mime_type=video_mp4&qs=0&rc=NzdpZzg8ZDQ4Zzo2aDxoNEBpamR1OHI5cnlzNDMzODczNEBfYS0tMDQwXjYxYS4zXi8tYSNiMG01MmRjMTZhLS1kMTFzcw%3D%3D&btag=e00090000&expire=1752055327&l=202507071759336E3722CB763AED3FE8BD&ply_type=2&policy=2&signature=3c0a0029ee530feb1f9be474437aa74d&tk=tt_chain_token","https://p16-sign-sg.tiktokcdn.com/tos-alisg-p-0037/ogJBJwBOiMqeUkTjFRLdABxEQ4OIIUBfgo5XQi~tplv-tiktokx-dmt-logom:tos-alisg-i-0068/osvEQf5TXgqRDBAIAekEA6CUkBUFEOA7ojLjAB.image?dr=14573&x-expires=1752051600&x-signature=mv1qm24FYWXYCXofjpclJXWEqO4%3D&t=4d5b0474&ps=13740610&shp=81f88b70&shcp=43f4a2f9&idc=my","673500","52100","527","1845","6949825410364867586","Clipping","clipping147","https://p16-sign-sg.tiktokcdn.com/tos-alisg-avt-0068/f4c044d18341e21897813603577dcc8b~tplv-tiktokx-cropcenter:1080:1080.jpeg?dr=14579&refresh_token=86007f5b&x-expires=1752051600&x-signature=H1OpbTaauqgIoLcKexKer2HV1s8%3D&t=4d5b0474&ps=13740610&shp=a5d48078&shcp=81f88b70&idc=my","Not Available","No","7517514103900998401","suara asli - Clipping","Clipping","https://p16-sign-sg.tiktokcdn.com/tos-alisg-avt-0068/f4c044d18341e21897813603577dcc8b~tplv-tiktokx-cropcenter:100:100.jpeg?dr=14579&refresh_token=5487feeb&x-expires=1752051600&x-signature=QaWYOC93xFj5lI4gXD0r663O%2FeU%3D&t=4d5b0474&ps=13740610&shp=a5d48078&shcp=81f88b70&idc=my","https://v58.tiktokcdn.com/video/tos/alisg/tos-alisg-v-27dcd7/oEzTmhA0TBXIQkvEGJEAfIzefe9AHLEGAuAFNk/?a=1180&bti=ODszNWYuMDE6&ch=0&cr=0&dr=0&er=0&lr=default&cd=0%7C0%7C0%7C0&br=250&bt=125&ds=5&ft=.NpOcInz7ThPiMuKXq8Zmo&mime_type=audio_mpeg&qs=13&rc=anl3a2w5cmlzNDMzODU8NEBpanl3a2w5cmlzNDMzODU8NEAzYmMzMmRzMzZhLS1kMS1zYSMzYmMzMmRzMzZhLS1kMS1zcw%3D%3D&vvpl=1&l=202507071759336E3722CB763AED3FE8BD&VExpiration=1751968927&VSignature=AwB4N1GuB0-tmk0IcKlaVQ&btag=e00050000&cc=14","153","https://www.tiktok.com/@clipping147/video/7517513803530079496"
"7511718121208646919","üëÄüëÄ #cryptowave #gabrielrey ",1748958169,101,"14","576","768","https://v16-webapp-prime.tiktok.com/video/tos/alisg/tos-alisg-pve-0037c001/ocK0A9eetWBopifegBQM7e88QgHbAczVMg99dN/?a=1988&bti=ODszNWYuMDE6&ch=0&cr=3&dr=0&lr=all&cd=0%7C0%7C0%7C&cv=1&br=1120&bt=560&cs=0&ds=6&ft=-Csk_mc3PD12Nd39Gh-Uxi~FaY6e3wv25zcAp&mime_type=video_mp4&qs=0&rc=ZTw0ZDo7OzY0ZGk5Z2Q5ZkBpamlzbHE5cjppMzMzODczNEAzYTAzMDQxNmAxLjJjLl9iYSNra2liMmRra3NhLS1kMTFzcw%3D%3D&btag=e000b0000&expire=1752055188&l=202507071759336E3722CB763AED3FE8BD&ply_type=2&policy=2&signature=7117f9608eb3cb4049b614a464530116&tk=tt_chain_token","https://p16-sign-sg.tiktokcdn.com/tos-alisg-p-0037/oQMvadB1YI7IV7iDuAEiKvVbAFuCnA3vBBYdb~tplv-tiktokx-origin.image?dr=14575&x-expires=1752051600&x-signature=F8fnDjsHy%2BZ6Y4TclYJFfuS20Rs%3D&t=4d5b0474&ps=13740610&shp=81f88b70&shcp=43f4a2f9&idc=my","1500000","55700","218","284","7272787825652253701","Clipper Universe","mikesky.bosan","https://p16-sign-sg.tiktokcdn.com/tos-alisg-avt-0068/cdee82ebf3702253c97ec2c2700e2fa7~tplv-tiktokx-cropcenter:1080:1080.jpeg?dr=14579&refresh_token=829ef945&x-expires=1752051600&x-signature=gDvMOkpa4lv%2FM5hH1reKAII25Pc%3D&t=4d5b0474&ps=13740610&shp=a5d48078&shcp=81f88b70&idc=my","Road to Mclaren","No","7464479593337047814","suara asli - ü´ß","ainaa^_^","https://p16-sign-sg.tiktokcdn.com/tos-alisg-avt-0068/aa1d98f2d3f07379ebd7dae602737a78~tplv-tiktokx-cropcenter:100:100.jpeg?dr=14579&refresh_token=3354d258&x-expires=1752051600&x-signature=21nXFdYvs6RY5RYmWbRjgQnhYIk%3D&t=4d5b0474&ps=13740610&shp=a5d48078&shcp=81f88b70&idc=my","https://v58.tiktokcdn.com/video/tos/useast2a/tos-useast2a-v-27dcd7/oQAlBKqyviubIK5DIziB6KfpMo0SoRj9gkXVlE/?a=1180&bti=ODszNWYuMDE6&ch=0&cr=0&dr=0&er=0&lr=default&cd=0%7C0%7C0%7C0&br=250&bt=125&ft=.NpOcInz7ThPiMuKXq8Zmo&mime_type=audio_mpeg&qs=6&rc=aDc5ZTpkZ2c5aWg6NzVmaUBpamRoaXQ5cmRseDMzNzU8M0AyMTUuNS8uNWExMDYuMl9eYSNoX2AxMmRzZV9gLS1kMTZzcw%3D%3D&vvpl=1&l=202507071759336E3722CB763AED3FE8BD&VExpiration=1751968788&VSignature=3qgAOU_S01mmtEKoKU-k7A&btag=e000b0000&cc=14","14","https://www.tiktok.com/@mikesky.bosan/video/7511718121208646919"
"7506091922067328274","Cewe sekarang mintanya ferrari nggak mau mclaren üò≠",1747648217,115,"8","576","1024","https://v16-webapp-prime.tiktok.com/video/tos/alisg/tos-alisg-pve-0037c001/o8XIgVKQdtAfBbooYFvUEbEDVD0ufHA5RgB7JU/?a=1988&bti=ODszNWYuMDE6&ch=0&cr=3&dr=0&lr=all&cd=0%7C0%7C0%7C&cv=1&br=2894&bt=1447&cs=0&ds=6&ft=-Csk_mc3PD12Nd39Gh-Uxi~FaY6e3wv25zcAp&mime_type=video_mp4&qs=0&rc=cnF8b2hsc2d3SkBwaHIxaDFybndmZzo0ZzM4NzxpZzM6NzQ5PEBpM3Z0ZXQ5cm9pMzMzODczNEBjRl5Nc3FePmJKYSNvYF90aHFmOiMxX2FeLS5jNi0xNl8yL2BhYSNuay80MmQ0cWlhLS1kMTFzcw%3D%3D&btag=e000b0000&expire=1752055182&l=202507071759336E3722CB763AED3FE8BD&ply_type=2&policy=2&signature=88b67fa4cdf0a73059f825956cabb53d&tk=tt_chain_token","https://p16-sign-sg.tiktokcdn.com/tos-alisg-p-0037/oUZVmAgAhMABTfV4FeugXAlfg2tqfiArYKfNKj~tplv-tiktokx-origin.image?dr=14575&x-expires=1752051600&x-signature=GtHL7Bqu4JKKF2IB6q31ac7TXjU%3D&t=4d5b0474&ps=13740610&shp=81f88b70&shcp=43f4a2f9&idc=my","1900000","79400","599","2242","7337184515297100802","Gabriel Rey | CEO @triv.co.id","gabrielrey99","https://p16-sign-sg.tiktokcdn.com/tos-alisg-avt-0068/a831a4efdff3fb4d7da32b7c11155468~tplv-tiktokx-cropcenter:1080:1080.jpeg?dr=14579&refresh_token=c137fd99&x-expires=1752051600&x-signature=71WdXdTHQazHyAYHH6F6CbETl5w%3D&t=4d5b0474&ps=13740610&shp=a5d48078&shcp=81f88b70&idc=my","CEO & Founder of TRIV. One of the largest and oldest Indonesia crypto exchange","Yes","7506091947858184976","original sound - Gabriel Rey | CEO @triv.co.id","Gabriel Rey | CEO @triv.co.id","https://p16-sign-sg.tiktokcdn.com/tos-alisg-avt-0068/a831a4efdff3fb4d7da32b7c11155468~tplv-tiktokx-cropcenter:100:100.jpeg?dr=14579&refresh_token=67875484&x-expires=1752051600&x-signature=OoIVoNJktNxYBiAPOONeSfoTe90%3D&t=4d5b0474&ps=13740610&shp=a5d48078&shcp=81f88b70&idc=my","https://v58.tiktokcdn.com/video/tos/alisg/tos-alisg-v-27dcd7/o4fqfvbQKBBF6dwIAIrA9ACvX87gtoVJDUJVEB/?a=1180&bti=ODszNWYuMDE6&ch=0&cr=0&dr=0&er=0&lr=default&cd=0%7C0%7C0%7C0&br=250&bt=125&ds=5&ft=.NpOcInz7ThPiMuKXq8Zmo&mime_type=audio_mpeg&qs=13&rc=M2VvNHg5cnBpMzMzODU8NEBpM2VvNHg5cnBpMzMzODU8NEBwXzRzMmRzcWlhLS1kMS1zYSNwXzRzMmRzcWlhLS1kMS1zcw%3D%3D&vvpl=1&l=202507071759336E3722CB763AED3FE8BD&VExpiration=1751968782&VSignature=N2bPkiZNb3qD2aprrTraDg&btag=e00070000&cc=14","8","https://www.tiktok.com/@gabrielrey99/video/7506091922067328274"
"7522821708777131282","Harimau betina mana yg menyakitimu kawan üòÖ #harimaumalaya #harimaulucu #galau #patahhati ",1751543425,113,"8","576","768","https://v16-webapp-prime.tiktok.com/video/tos/alisg/tos-alisg-pve-0037c001/o4VB5oDtFBFcZbmsSR20AB0Efk6IEUQfgomgAE/?a=1988&bti=ODszNWYuMDE6&ch=0&cr=3&dr=0&lr=all&cd=0%7C0%7C0%7C&cv=1&br=2494&bt=1247&cs=0&ds=6&ft=-Csk_mc3PD12Nd39Gh-Uxi~FaY6e3wv25zcAp&mime_type=video_mp4&qs=0&rc=cnF8b2hsc2d3SkBwaHIxaDFybndmN2k6ZTRkPDMzNjs3ZzpnO0BpMzhlcmw5cnE5NDMzODczNEBjRl5Nc3FePmJKYSNvYF90aHFmOiMuMDUyXjUyNTMxMWBhLS4uYSNuNTRjMmQ0cGdhLS1kMTFzcw%3D%3D&btag=e000b0000&expire=1752055182&l=202507071759336E3722CB763AED3FE8BD&ply_type=2&policy=2&signature=fca5d8c3856c0bfa82e3fb0fd2d26372&tk=tt_chain_token","https://p16-sign-sg.tiktokcdn.com/tos-alisg-p-0037/ogFmcf5E7gR6CIEE7BFoAbxDg0UP4BSofmZE0k~tplv-tiktokx-origin.image?dr=14575&x-expires=1752051600&x-signature=FX1nBfagzFngzxPW5kLZiLs7HpQ%3D&t=4d5b0474&ps=13740610&shp=81f88b70&shcp=43f4a2f9&idc=my","769500","127600","1103","24900","7521291580360721414","Anastasia Meilly","doc.mey.drh","https://p16-sign-sg.tiktokcdn.com/tos-alisg-avt-0068/011fe3754a3055bafbc8cad1ed1e4fc9~tplv-tiktokx-cropcenter:1080:1080.jpeg?dr=14579&refresh_token=1d5c2937&x-expires=1752051600&x-signature=%2BluXvNc2e3S0OfPZrkHRjOAX0kM%3D&t=4d5b0474&ps=13740610&shp=a5d48078&shcp=81f88b70&idc=my","Dokter hewan dan anabulnya
Cleo, Ace, Miyu, Mizu, Miki, Tom, Cello üíï","No","6927016038370428930","Funny","Gold-Tiger","https://p16-sg.tiktokcdn.com/aweme/100x100/tos-alisg-v-2774/o8EqEAAAskwNBdB0xiBxfNouFh5WLiAwoEUJAL.jpeg","https://sf16-ies-music-sg.tiktokcdn.com/obj/tos-alisg-ve-2774/o4CBTTJVlUoYfBez0TDpxQZ3QaIZECFgsJYtKi","40","https://www.tiktok.com/@doc.mey.drh/video/7522821708777131282"
"7518736017889938706","Yang punya gaji UMR ketika nonton timothy show kena mental üò≠",1750592150,104,"25","576","1024","https://v16-webapp-prime.tiktok.com/video/tos/alisg/tos-alisg-pve-0037c001/oco5IX4EABiCvg6CR6rBfiq0UBUQ9E07RfV9DQ/?a=1988&bti=ODszNWYuMDE6&ch=0&cr=3&dr=0&lr=all&cd=0%7C0%7C0%7C&cv=1&br=1894&bt=947&cs=0&ds=6&ft=-Csk_mc3PD12Nd39Gh-Uxi~FaY6e3wv25zcAp&mime_type=video_mp4&qs=0&rc=NTM2NWQ7O2lpZTtlNGgzO0BpanJwd245cnh4NDMzODczNEBiLi80NjIyNTExYjUxXzMwYSM1czRxMmRzaF9hLS1kMTFzcw%3D%3D&btag=e000b8000&expire=1752055199&l=202507071759336E3722CB763AED3FE8BD&ply_type=2&policy=2&signature=da5fd8ee54c440c148d7d6d0a9b9eeeb&tk=tt_chain_token","https://p16-sign-sg.tiktokcdn.com/tos-alisg-p-0037/owBXR5ArfAEE5qBWADjQJpE36EDoFIA14eAIJf~tplv-tiktokx-origin.image?dr=14575&x-expires=1752051600&x-signature=B%2FtgKnkm7qV860wJX2heEy3HmLc%3D&t=4d5b0474&ps=13740610&shp=81f88b70&shcp=43f4a2f9&idc=my","12600","374","28","41","7401542936221795333","hanhan tjoeng","hanhan_tjoeng","https://p16-sign-sg.tiktokcdn.com/tos-alisg-avt-0068/0d2e88d0236296402705f4dc480a5892~tplv-tiktokx-cropcenter:1080:1080.jpeg?dr=14579&refresh_token=084a2e4a&x-expires=1752051600&x-signature=pZEqk3my2Cn7W5RGtobZxjSsbVU%3D&t=4d5b0474&ps=13740610&shp=a5d48078&shcp=81f88b70&idc=my","QCMEAT
Buy $PENGU
inspired by @Timothy Ronald
support Acc secc @bwelhan","No","7518736069935647505","suara asli - hanhan tjoeng","hanhan tjoeng","https://p16-sign-sg.tiktokcdn.com/tos-alisg-avt-0068/0d2e88d0236296402705f4dc480a5892~tplv-tiktokx-cropcenter:100:100.jpeg?dr=14579&refresh_token=6b3a9f17&x-expires=1752051600&x-signature=8gmS6prbsGGHfauRrLUv2Zvsg2w%3D&t=4d5b0474&ps=13740610&shp=a5d48078&shcp=81f88b70&idc=my","https://v58.tiktokcdn.com/video/tos/alisg/tos-alisg-v-27dcd7/oYAPEJB6KVfvqLMaX6koo7miGKwiIK0YAMwBpz/?a=1180&bti=ODszNWYuMDE6&ch=0&cr=0&dr=0&er=0&lr=default&cd=0%7C0%7C0%7C0&br=250&bt=125&ft=.NpOcInz7ThPiMuKXq8Zmo&mime_type=audio_mpeg&qs=6&rc=aGQ6NmdlaGY7Zjw6ODw6OEBpM208ZGo5cjl4NDMzODU8NEA0YF4uY2FeNjAxXzYxNjZfYSMyZTBxMmRraV9hLS1kMS1zcw%3D%3D&vvpl=1&l=202507071759336E3722CB763AED3FE8BD&VExpiration=1751968799&VSignature=CrImnQo1UPTEFp0vhSL5Og&btag=e000b8000&cc=14","25","https://www.tiktok.com/@hanhan_tjoeng/video/7518736017889938706"
"7506083309823282488","Without mereka, saya cuma mas mas gajelasüôèüèª tribute video for @Akademi Crypto untuk kedua kalinya",1747646217,105,"18","576","1024","https://v16-webapp-prime.tiktok.com/video/tos/useast2a/tos-useast2a-ve-0068c004/oskFkIkEBc3tXA9noifxADQFkiGyC0gCv6jIaq/?a=1988&bti=ODszNWYuMDE6&ch=0&cr=3&dr=0&lr=all&cd=0%7C0%7C0%7C&cv=1&br=1844&bt=922&cs=0&ds=6&ft=-Csk_mc3PD12Nd39Gh-Uxi~FaY6e3wv25zcAp&mime_type=video_mp4&qs=0&rc=OTY2N2Q5aDpkZzNmOTQ5M0BpajpsZnQ5cmxpMzMzNzczM0A2MGA2NGM0Xi4xX18tYjUwYSNlNmcwMmRjYWlhLS1kMTZzcw%3D%3D&btag=e000b8000&expire=1752055192&l=202507071759336E3722CB763AED3FE8BD&ply_type=2&policy=2&signature=68ea66e5dc76050672a60a4b61e9376c&tk=tt_chain_token","https://p16-sign-va.tiktokcdn.com/tos-maliva-p-0068/osDkyE0CbQ7KJFUEPJ9fR5sgeJEGBRQNVoIvAB~tplv-tiktokx-origin.image?dr=14575&x-expires=1752051600&x-signature=z3ZAALFxy7uFqOYB7l0cmMnkHUs%3D&t=4d5b0474&ps=13740610&shp=81f88b70&shcp=43f4a2f9&idc=my","3200000","180800","942","2294","7155100936670348314","fallinginlove","beonepercent1","https://p16-sign-va.tiktokcdn.com/tos-maliva-avt-0068/05e195de6f1f3b581cc7d98fc25c7e74~tplv-tiktokx-cropcenter:1080:1080.jpeg?dr=14579&refresh_token=b9ae1d6f&x-expires=1752051600&x-signature=W9k3FLGvB%2BeiXGHj5BXDHlef6Js%3D&t=4d5b0474&ps=13740610&shp=a5d48078&shcp=81f88b70&idc=my","Gym enthusiast, naturalüå±, love investment instagram: @km.agusdiva","No","7477950381236701957","Full Song Yt DJ Vel Bass Rmx","ùóóùóù ùó©ùó≤ùóπ ùóïùóÆùòÄùòÄ ‚ô™","https://p16-sign-va.tiktokcdn.com/tos-maliva-avt-0068/10eb1573c2be4416bf0cb86522f0c2e0~tplv-tiktokx-cropcenter:100:100.jpeg?dr=14579&refresh_token=ea174c37&x-expires=1752051600&x-signature=IP%2BI9vQ8JQ9QqIgywxD4dufWT2o%3D&t=4d5b0474&ps=13740610&shp=a5d48078&shcp=81f88b70&idc=my","https://v58.tiktokcdn.com/video/tos/useast2a/tos-useast2a-v-27dcd7/okAXeXeeTPIMDSCRClGHCiLgAECjgEjEUtBAEo/?a=1180&bti=ODszNWYuMDE6&ch=0&cr=0&dr=0&er=0&lr=default&cd=0%7C0%7C0%7C0&br=250&bt=125&ds=5&ft=.NpOcInz7ThPiMuKXq8Zmo&mime_type=audio_mpeg&qs=13&rc=M2VkbXI5cmxqeTMzNzU8M0BpM2VkbXI5cmxqeTMzNzU8M0BzL25uMmRzNTBgLS1kMTZzYSNzL25uMmRzNTBgLS1kMTZzcw%3D%3D&vvpl=1&l=202507071759336E3722CB763AED3FE8BD&VExpiration=1751968833&VSignature=ZKHSP7yMftMEGhVeZYnO7A&btag=e00050000&cc=14","59","https://www.tiktok.com/@beonepercent1/video/7506083309823282488"
"7524143949200624903","kalian sekarang berapa di level brapa guys.... #motivation #level #thimotyronald #edukasi #kapitalisme #tangga ",1751851287,"Not Available","375","576","1024","https://v16-webapp-prime.tiktok.com/video/tos/alisg/tos-alisg-pve-0037c001/oU61GeQJIIloIyQfAhQALCEWQejjAuPuDDsJFh/?a=1988&bti=ODszNWYuMDE6&ch=0&cr=3&dr=0&lr=all&cd=0%7C0%7C0%7C&cv=1&br=1608&bt=804&cs=0&ds=6&ft=-Csk_mc3PD12Nd39Gh-Uxi~FaY6e3wv25zcAp&mime_type=video_mp4&qs=0&rc=OTpkOGlmNmU3O2VpOmU4aUBpank4M245cmtrNDMzODczNEAvNV5eNTM1Nl4xLzFiYTQtYSNvNDUtMmQ0cmlhLS1kMTFzcw%3D%3D&btag=e000a0000&expire=1752055549&l=202507071759336E3722CB763AED3FE8BD&ply_type=2&policy=2&signature=5222e923614d01daa54f98a65dfcfbeb&tk=tt_chain_token","https://p16-sign-sg.tiktokcdn.com/tos-alisg-p-0037/ooif7AP0NAQuAnuAi0hYBIHBKqrvIkqACqGwEB~tplv-tiktokx-origin.image?dr=14575&x-expires=1752051600&x-signature=TE2DImzLdijbKUOXBOHpTuCIYIc%3D&t=4d5b0474&ps=13740610&shp=81f88b70&shcp=43f4a2f9&idc=my","3844","206","9","16","7421496360875557905","Motiv-aksiTimothy","motiv.16","https://p16-sign-sg.tiktokcdn.com/tos-alisg-avt-0068/d38a23850b2da1a1275044f90d7f7777~tplv-tiktokx-cropcenter:1080:1080.jpeg?dr=14579&refresh_token=13574444&x-expires=1752051600&x-signature=l4ap05DAO9FNE41ba4hl4rVRrfY%3D&t=4d5b0474&ps=13740610&shp=a5d48078&shcp=81f88b70&idc=my","akademicrypto.com","No","7386794428806630149","–æ—Ä–∏–≥–∏–Ω–∞–ª—å–Ω—ã–π –∑–≤—É–∫ - Football00","Football00","https://p16-sign-sg.tiktokcdn.com/tos-alisg-avt-0068/5fd43902700694f9dd463495352cbaa2~tplv-tiktokx-cropcenter:100:100.jpeg?dr=14579&refresh_token=50b44eee&x-expires=1752051600&x-signature=PxXSInVEDB8H4Y7bzT8%2FiseRPcQ%3D&t=4d5b0474&ps=13740610&shp=a5d48078&shcp=81f88b70&idc=my","https://v58.tiktokcdn.com/video/tos/useast2a/tos-useast2a-v-27dcd7/oEcBiAbzZKw22qODIQDmivZfkKQRzMBikgKEoA/?a=1180&bti=ODszNWYuMDE6&ch=0&cr=0&dr=0&er=0&lr=default&cd=0%7C0%7C0%7C0&br=250&bt=125&ft=.NpOcInz7ThPiMuKXq8Zmo&mime_type=audio_mpeg&qs=6&rc=aThpZGVkZjU0ZmczZjY7NUBpanBmcmo5cnlsdDMzNzU8M0A2YmA1MTIxNl8xYS42LV9hYSNgaWdtMmRrYi5gLS1kMTZzcw%3D%3D&vvpl=1&l=202507071759336E3722CB763AED3FE8BD&VExpiration=1751969026&VSignature=sVhxVvWJr8_79iL8HNLKRw&btag=e00098000&cc=14","252","https://www.tiktok.com/@motiv.16/video/7524143949200624903"
"7516671933644016914","konsul keuangan, jualan masker 2020 smpe untung 400jt üî•",1750111575,116,"532","768","576","https://v16-webapp-prime.tiktok.com/video/tos/alisg/tos-alisg-pve-0037c001/osQio45BiQA6ajxI58P0QTBA4YEECFTlDXRbB/?a=1988&bti=ODszNWYuMDE6&ch=0&cr=3&dr=0&lr=all&cd=0%7C0%7C0%7C&cv=1&br=1776&bt=888&cs=0&ds=6&ft=-Csk_mc3PD12Nd39Gh-Uxi~FaY6e3wv25zcAp&mime_type=video_mp4&qs=0&rc=ZzQ0aTQ1M2g3NDNpaTc3aEBpamo4eHQ5cnM8NDMzODczNEBiY15iX2AtXjMxYzEzYS1hYSNlMy0uMmQ0NDVhLS1kMWBzcw%3D%3D&btag=e000a0000&expire=1752055706&l=202507071759336E3722CB763AED3FE8BD&ply_type=2&policy=2&signature=d0aceb9555051152712073f54f445c0a&tk=tt_chain_token","https://p16-sign-sg.tiktokcdn.com/tos-alisg-p-0037/oYCUcIkQDCYPJBKhgEfqA3BOmFHw7oBEe0GRWh~tplv-tiktokx-origin.image?dr=14575&x-expires=1752051600&x-signature=Jvt1pha4Omd%2Bcwvf5qnPVkDiFIs%3D&t=4d5b0474&ps=13740610&shp=81f88b70&shcp=43f4a2f9&idc=my","90400","2075","21","33","7303798201801540614","Al Clipper‚±Ø","timothycliper28","https://p16-sign-sg.tiktokcdn.com/tos-alisg-avt-0068/ab40cd4163f3bd85d4fcc80fb1edfda2~tplv-tiktokx-cropcenter:1080:1080.jpeg?dr=14579&refresh_token=182cec73&x-expires=1752051600&x-signature=9E3Ek888g0vj143Fzvih5QZji%2BM%3D&t=4d5b0474&ps=13740610&shp=a5d48078&shcp=81f88b70&idc=my","Not Available","No","7516672019116034833","suara asli - Al Clipper","Al Clipper‚±Ø","https://p16-sign-sg.tiktokcdn.com/tos-alisg-avt-0068/ab40cd4163f3bd85d4fcc80fb1edfda2~tplv-tiktokx-cropcenter:100:100.jpeg?dr=14579&refresh_token=4de63b04&x-expires=1752051600&x-signature=TRwgAErzrN4THM2%2B88sC4KDc%2BqI%3D&t=4d5b0474&ps=13740610&shp=a5d48078&shcp=81f88b70&idc=my","https://v58.tiktokcdn.com/video/tos/alisg/tos-alisg-v-27dcd7/oIQAzYARiAVBC60FBYBZamliEAxlWUDMPUEAC/?a=1180&bti=ODszNWYuMDE6&ch=0&cr=0&dr=0&er=0&lr=default&cd=0%7C0%7C0%7C0&br=250&bt=125&ds=5&ft=.NpOcInz7ThPiMuKXq8Zmo&mime_type=audio_mpeg&qs=13&rc=ajlreG45cnI8NDMzODU8NEBpajlreG45cnI8NDMzODU8NEBtMGUuMmQ0XjVhLS1kMS1zYSNtMGUuMmQ0XjVhLS1kMS1zcw%3D%3D&vvpl=1&l=202507071759336E3722CB763AED3FE8BD&VExpiration=1751969306&VSignature=UERxcbfwV_Swkyr_JnPlAg&btag=e00060000&cc=14","532","https://www.tiktok.com/@timothycliper28/video/7516671933644016914"
"7501648820539886854","siapa yg paling di untungkan oleh riba @Timothyronaldclips @Akademi Crypto #timothyronald #akademicrypto #inspirasi ",1746613729,"Not Available","259","576","1022","https://v16-webapp-prime.tiktok.com/video/tos/useast2a/tos-useast2a-pve-0068/osAYIVBNDAZfnIL0bysJkXmiQ70iIC0LgEoAkr/?a=1988&bti=ODszNWYuMDE6&ch=0&cr=3&dr=0&lr=all&cd=0%7C0%7C0%7C&cv=1&br=526&bt=263&cs=0&ds=6&ft=-Csk_mc3PD12Nd39Gh-Uxi~FaY6e3wv25zcAp&mime_type=video_mp4&qs=0&rc=aTg5NDQ2aGU0Zjc8ZGZnZUBpamVqNW45cm1tMzMzNzczM0BhYmAzYzA2XzIxY2IuMDJiYSNxa2JtMmRjNGFhLS1kMTZzcw%3D%3D&btag=e00098000&expire=1752055433&l=202507071759336E3722CB763AED3FE8BD&ply_type=2&policy=2&signature=5562b5f1b22f01ee75dc376646dced8c&tk=tt_chain_token","https://p16-sign-va.tiktokcdn.com/tos-maliva-p-0068/osUgNn0IbJrBhA0NomkhZfiJiCAIYBD0D7LyYI~tplv-tiktokx-origin.image?dr=14575&x-expires=1752051600&x-signature=Celxc2AEUXC9ZjoqPpUE1GxSfPg%3D&t=4d5b0474&ps=13740610&shp=81f88b70&shcp=43f4a2f9&idc=my","86800","5098","236","768","7332722237440574469","ronald_for_all","for_all16","https://p16-sign-sg.tiktokcdn.com/tos-alisg-avt-0068/45591e3fa57e5a90b440d74e150f470f~tplv-tiktokx-cropcenter:1080:1080.jpeg?dr=14579&refresh_token=a9abce52&x-expires=1752051600&x-signature=wwGybPxyf3T3rmQ8MVSSe1Jm4Es%3D&t=4d5b0474&ps=13740610&shp=a5d48078&shcp=81f88b70&idc=my","Not Available","No","7398034441462991622","original sound","üéÄùêíùêãùêéùêñùêÑùêÉüí†ùêëùêÑùêïùêÑùêëùêÅüéÄ","https://p16-sign-sg.tiktokcdn.com/tos-alisg-avt-0068/e3a4804e5d64dba44ce7805a0c946fd1~tplv-tiktokx-cropcenter:100:100.jpeg?dr=14579&refresh_token=3490d945&x-expires=1752051600&x-signature=bSptSNrt7H479zkMQVUpoSjPhVw%3D&t=4d5b0474&ps=13740610&shp=a5d48078&shcp=81f88b70&idc=my","https://v58.tiktokcdn.com/video/tos/useast2a/tos-useast2a-v-27dcd7/oIHKoCiVvEBzS1ABySAofUiLzrEWEGngkASYGA/?a=1180&bti=ODszNWYuMDE6&ch=0&cr=0&dr=0&er=0&lr=default&cd=0%7C0%7C0%7C0&br=250&bt=125&ds=5&ft=.NpOcInz7ThPiMuKXq8Zmo&mime_type=audio_mpeg&qs=13&rc=M2l4b285cjxrdDMzNzU8M0BpM2l4b285cjxrdDMzNzU8M0A2ZTEyMmRjZmlgLS1kMTZzYSM2ZTEyMmRjZmlgLS1kMTZzcw%3D%3D&vvpl=1&l=202507071759336E3722CB763AED3FE8BD&VExpiration=1751969212&VSignature=EBYux94YmpshsJ2oPiFDww&btag=e00060000&cc=14","438","https://www.tiktok.com/@for_all16/video/7501648820539886854"
"7504025933855214854","How To Beat Dead Rails in ONE MINUTE #roblox #robloxmemes #robloxshorts #gaming #shorts #memes #fyp #fypage #fyppppppppppppppppppppppp #fypp #fyp„Ç∑„Çö #viral ",1747167197,103,"39","576","1024","https://v16-webapp-prime.tiktok.com/video/tos/useast2a/tos-useast2a-ve-0068c003/ocA129YejQIeCSCQCWGOJ7L0EC1RgAygrfoQRI/?a=1988&bti=ODszNWYuMDE6&ch=0&cr=3&dr=0&lr=all&cd=0%7C0%7C0%7C&cv=1&br=1646&bt=823&cs=0&ds=6&ft=-Csk_mc3PD12Nd39Gh-Uxi~FaY6e3wv25zcAp&mime_type=video_mp4&qs=0&rc=OzY7NmRnaTs6MzZkOWVoO0BpM3dwaXY5cnl0MzMzNzczM0A2NS4xNTIuXzUxM2EvXmEvYSNfMWBpMmRrYmVhLS1kMTZzcw%3D%3D&btag=e00088000&expire=1752055213&l=202507071759336E3722CB763AED3FE8BD&ply_type=2&policy=2&signature=1893c48d061c86feace67620cf0056e3&tk=tt_chain_token","https://p16-sign-va.tiktokcdn.com/tos-maliva-p-0068/o8ACf9DrFA3aRpjPAj9oAECIZteEISAfgQ0vlE~tplv-tiktokx-origin.image?dr=14575&x-expires=1752051600&x-signature=TWuZduGxDdTpQLD0NRpM0YO5hL0%3D&t=4d5b0474&ps=13740610&shp=81f88b70&shcp=43f4a2f9&idc=my","668700","30300","658","2171","7459424203630199809","Steady","steadyrblx","https://p16-sign-sg.tiktokcdn.com/tos-alisg-avt-0068/be02b3edbf26d7719aa161f73f440fd4~tplv-tiktokx-cropcenter:1080:1080.jpeg?dr=14579&refresh_token=e90d785e&x-expires=1752051600&x-signature=AfXLNHPx7%2FJP1gsoLjiFzNoMaMk%3D&t=4d5b0474&ps=13740610&shp=a5d48078&shcp=81f88b70&idc=my","Subscribe to my YouTube!

Business inquiries:
üì© steadyroblox@gmail.com üì©","No","7504026075078347526","original sound - Steady","Steady","https://p16-sign-sg.tiktokcdn.com/tos-alisg-avt-0068/be02b3edbf26d7719aa161f73f440fd4~tplv-tiktokx-cropcenter:100:100.jpeg?dr=14579&refresh_token=9ed648f6&x-expires=1752051600&x-signature=AChppjIR%2BTvnbQVMcf00CHyU5P4%3D&t=4d5b0474&ps=13740610&shp=a5d48078&shcp=81f88b70&idc=my","https://v58.tiktokcdn.com/video/tos/useast2a/tos-useast2a-v-27dcd7/oMACWfQ3ATTxE9YoF0EBrIIDHg0SRAJC83f6fu/?a=1180&bti=ODszNWYuMDE6&ch=0&cr=0&dr=0&er=0&lr=default&cd=0%7C0%7C0%7C0&br=250&bt=125&ds=5&ft=.NpOcInz7ThPiMuKXq8Zmo&mime_type=audio_mpeg&qs=13&rc=M3JmOXE5cnl0MzMzNzU8M0BpM3JmOXE5cnl0MzMzNzU8M0BzNnEzMmRjY2VhLS1kMTZzYSNzNnEzMmRjY2VhLS1kMTZzcw%3D%3D&vvpl=1&l=202507071759336E3722CB763AED3FE8BD&VExpiration=1751968813&VSignature=LTTkjc6UfXpMOX-Nc8WfJg&btag=e00048000&cc=14","39","https://www.tiktok.com/@steadyrblx/video/7504025933855214854"
"7512829072553135378","Hari Kedelapan Cicil Bitcoin Sampai Bisa Buka Cabang #masukberandafyp #fyp #cicilbitcoin #bitcoin #investasi ",1749216832,"Not Available","43","576","1026","https://v16-webapp-prime.tiktok.com/video/tos/alisg/tos-alisg-pve-0037c001/o4fDCjoABQBE0eginVDOcoElQIC2m7RRuFGE5G/?a=1988&bti=ODszNWYuMDE6&ch=0&cr=3&dr=0&lr=all&cd=0%7C0%7C0%7C&cv=1&br=1070&bt=535&cs=0&ds=6&ft=-Csk_mc3PD12Nd39Gh-Uxi~FaY6e3wv25zcAp&mime_type=video_mp4&qs=0&rc=Ojo1aDU1aGc4OTk8NDQ2M0BpM2g6am05cmRoNDMzODczNEA1Xi9iMy0wNV8xYWAyXy4uYSMwcGxsMmQ0by5hLS1kMWBzcw%3D%3D&btag=e00088000&expire=1752055217&l=202507071759336E3722CB763AED3FE8BD&ply_type=2&policy=2&signature=2cc55157d0a3abaf4f7e00e476cd5410&tk=tt_chain_token","https://p16-sign-sg.tiktokcdn.com/tos-alisg-p-0037/oAG5xeAqEIBWzgADd7QICGjEhIUD44AeAAfLBj~tplv-tiktokx-dmt-logom:tos-alisg-i-0068/oE77IxEyiYoEBc1APiBuiAQgnCjLAIPEAaBA6.image?dr=14573&x-expires=1752051600&x-signature=oMTq3btkj%2B9y2uYZnG2Reb3RbsQ%3D&t=4d5b0474&ps=13740610&shp=81f88b70&shcp=43f4a2f9&idc=my","3500000","111500","1165","2858","7454133471444042760","Bhayu Satya","bhayu.satya","https://p16-sign-sg.tiktokcdn.com/tos-alisg-avt-0068/435c65a92b2da26601ea9095c4b3bee5~tplv-tiktokx-cropcenter:1080:1080.jpeg?dr=14579&refresh_token=56804731&x-expires=1752051600&x-signature=2dx%2BEjnDgfwKUJCwEyyI2mrzIwo%3D&t=4d5b0474&ps=13740610&shp=a5d48078&shcp=81f88b70&idc=my","TargetüéØ: Cicil Bitcoin Sampai Bisa Buka Cabang
Klik Link Dibawah Buat Gabung‚¨áÔ∏è","No","7308860379479427845","som original","rh love","https://p16-sign-va.tiktokcdn.com/tos-maliva-avt-0068/dd626891faa2cc26c4b3d9978ef78f89~tplv-tiktokx-cropcenter:100:100.jpeg?dr=14579&refresh_token=d746c3d8&x-expires=1752051600&x-signature=qX3WZPCaHlWKchAKoDLVXwKKsIw%3D&t=4d5b0474&ps=13740610&shp=a5d48078&shcp=81f88b70&idc=my","https://v58.tiktokcdn.com/video/tos/useast2a/tos-useast2a-v-27dcd7/oslvW7HZAJAS0ghLBKEGAQdBzEPSipZAUuC5i/?a=1180&bti=ODszNWYuMDE6&ch=0&cr=0&dr=0&er=0&lr=default&cd=0%7C0%7C0%7C0&br=250&bt=125&ds=5&ft=.NpOcInz7ThPiMuKXq8Zmo&mime_type=audio_mpeg&qs=13&rc=aml5dHU5cm43bzMzNzU8M0Bpaml5dHU5cm43bzMzNzU8M0BkMzUyMmRrZ2tgLS1kMTZzYSNkMzUyMmRrZ2tgLS1kMTZzcw%3D%3D&vvpl=1&l=202507071759336E3722CB763AED3FE8BD&VExpiration=1751968834&VSignature=1dOnUDEkh-gvU9wfDlZUbg&btag=e00050000&cc=14","60","https://www.tiktok.com/@bhayu.satya/video/7512829072553135378"
"7513199763563629842","#kpr #riba ",1749303140,116,"69","576","1024","https://v16-webapp-prime.tiktok.com/video/tos/alisg/tos-alisg-pve-0037c001/oYMHDmeGogr6jrQI3fZkEi4HQCvAeI18LAKxRA/?a=1988&bti=ODszNWYuMDE6&ch=0&cr=3&dr=0&lr=all&cd=0%7C0%7C0%7C&cv=1&br=640&bt=320&cs=0&ds=6&ft=-Csk_mc3PD12Nd39Gh-Uxi~FaY6e3wv25zcAp&mime_type=video_mp4&qs=0&rc=aDplOmg5ZWc5Mzw6ZmllNkBpang5dnQ5cmg2NDMzODczNEBfL180YjZjX2ExMDA2MzE0YSMxaWNyMmQ0cS9hLS1kMTFzcw%3D%3D&btag=e00090000&expire=1752055243&l=202507071759336E3722CB763AED3FE8BD&ply_type=2&policy=2&signature=0501ee94d54395821e2abc66a1d64895&tk=tt_chain_token","https://p16-sign-sg.tiktokcdn.com/tos-alisg-p-0037/o0fADQ74E1oASKTPjCE8BFRERB2D7g6UzIfRV8~tplv-tiktokx-origin.image?dr=14575&x-expires=1752051600&x-signature=0R4659xJKI%2FuX3GNEeoI48bhJ4c%3D&t=4d5b0474&ps=13740610&shp=81f88b70&shcp=43f4a2f9&idc=my","596600","19600","1057","3319","7509162129410262034","Cicil BTC 2030","cicil.btc.2030","https://p16-sign-sg.tiktokcdn.com/tos-alisg-avt-0068/c0ef06741a5b241c933c34cf090b2c35~tplv-tiktokx-cropcenter:1080:1080.jpeg?dr=14579&refresh_token=9695ca8a&x-expires=1752051600&x-signature=0vmpMvslbLzCYuq7WLNsSEwQ%2Bx0%3D&t=4d5b0474&ps=13740610&shp=a5d48078&shcp=81f88b70&idc=my","Cara Menabung Bitcoin Bagi Pemula Selama 5 Tahun , tak peduli harga naik/turun","No","7513199807427611408","suara asli - Cicil BTC 2030","Cicil BTC 2030","https://p16-sign-sg.tiktokcdn.com/tos-alisg-avt-0068/c0ef06741a5b241c933c34cf090b2c35~tplv-tiktokx-cropcenter:100:100.jpeg?dr=14579&refresh_token=0fdf29c8&x-expires=1752051600&x-signature=wjN4EvbBbtmg6%2BL87z9EWupxAEU%3D&t=4d5b0474&ps=13740610&shp=a5d48078&shcp=81f88b70&idc=my","https://v58.tiktokcdn.com/video/tos/alisg/tos-alisg-v-27dcd7/oED1QFD4JUBvVEAqAEEEN9BCPAeg2hAXRofmAB/?a=1180&bti=ODszNWYuMDE6&ch=0&cr=0&dr=0&er=0&lr=default&cd=0%7C0%7C0%7C0&br=250&bt=125&ds=5&ft=.NpOcInz7ThPiMuKXq8Zmo&mime_type=audio_mpeg&qs=13&rc=MzNpPGo5cnQ2NDMzODU8NEBpMzNpPGo5cnQ2NDMzODU8NEBncGlxMmRrci9hLS1kMS1zYSNncGlxMmRrci9hLS1kMS1zcw%3D%3D&vvpl=1&l=202507071759336E3722CB763AED3FE8BD&VExpiration=1751968843&VSignature=IT9T3GDhPZvfSRtPpXZ1JA&btag=e00050000&cc=14","69","https://www.tiktok.com/@cicil.btc.2030/video/7513199763563629842"
"7506889576607124743","Balas Dengan Kesuksesan & Keberhasilan #timothyronald #mindset #fypage ",1747833934,120,"34","576","1024","https://v19-webapp-prime.tiktok.com/video/tos/alisg/tos-alisg-pve-0037c001/o4QTfAfBULEQC1RMEZgFI6FE9zDG1otFDOBdBN/?a=1988&bti=ODszNWYuMDE6&ch=0&cr=3&dr=0&lr=all&cd=0%7C0%7C0%7C&cv=1&br=1844&bt=922&cs=0&ds=6&ft=-Csk_mc3PD12N739Gh-UxIS5hY6e3wv252cAp&mime_type=video_mp4&qs=0&rc=PDU7ZGRlZjlpNGhkNjg8aUBpMzlxank5cjl3MzMzODczNEAvMGEzMV8vNjExMTYxNF9iYSMuaDU2MmRjNWphLS1kMTFzcw%3D%3D&btag=e00088000&expire=1752055217&l=202507071759429C91B701334DF9378A8F&ply_type=2&policy=2&signature=9f329af99af22328833129e260ef33fb&tk=tt_chain_token","https://p16-sign-sg.tiktokcdn.com/tos-alisg-p-0037/osKtmboiAKIzAI3EkBi0A1ABwlKxAAVEfuFCj1~tplv-tiktokx-origin.image?dr=14575&x-expires=1752051600&x-signature=UNjQXEBuBMK%2Fz1oXal5fSkbFd5Y%3D&t=4d5b0474&ps=13740610&shp=81f88b70&shcp=43f4a2f9&idc=my","698400","73800","314","3610","6956882099719209986","CryptoGrow","cryptogrow.id","https://p16-sign-sg.tiktokcdn.com/tos-alisg-avt-0068/664e78b50578615662bb48a6280628d8~tplv-tiktokx-cropcenter:1080:1080.jpeg?dr=14579&refresh_token=9d09ac5e&x-expires=1752051600&x-signature=SssNSjVpZxIaTcY5xIr7wuYpXBs%3D&t=4d5b0474&ps=13740610&shp=a5d48078&shcp=81f88b70&idc=my","Belajar Cara Bikin AI Canggih
Pertama Di Indonesia
Slot Terbatasüëáüèª","No","7506889608605600528","suara asli - Ronald Media","CryptoGrow","https://p16-sign-sg.tiktokcdn.com/tos-alisg-avt-0068/664e78b50578615662bb48a6280628d8~tplv-tiktokx-cropcenter:100:100.jpeg?dr=14579&refresh_token=45944404&x-expires=1752051600&x-signature=2pxlHnxLnQH3dL%2BmstvdfM%2BhxV0%3D&t=4d5b0474&ps=13740610&shp=a5d48078&shcp=81f88b70&idc=my","https://v58.tiktokcdn.com/video/tos/alisg/tos-alisg-v-27dcd7/oc0tpMwFfBENxoA9ABE0HFAl1iAoiKA9tuAEkw/?a=1180&bti=ODszNWYuMDE6&ch=0&cr=0&dr=0&er=0&lr=default&cd=0%7C0%7C0%7C0&br=250&bt=125&ds=5&ft=.NpOcInz7ThLiMuKXq8Zmo&mime_type=audio_mpeg&qs=13&rc=amZta2o5cm53MzMzODU8NEBpamZta2o5cm53MzMzODU8NEBmbnJqMmRzNWphLS1kMS1zYSNmbnJqMmRzNWphLS1kMS1zcw%3D%3D&vvpl=1&l=202507071759429C91B701334DF9378A8F&VExpiration=1751968817&VSignature=uqH2kNyNHcZoCLgIcPO__A&btag=e00048000&cc=14","34","https://www.tiktok.com/@cryptogrow.id/video/7506889576607124743"
"7524121814394522888","kalian sekarang berapa di urutan brapa.....? #thimotyronald #motivation #level #kapitalisme #edukasi ",1751846134,120,"348","576","1024","https://v19-webapp-prime.tiktok.com/video/tos/alisg/tos-alisg-pve-0037c001/oEearA3owUQIWEEoxaFfBBgPyDWQv2ItRODuEq/?a=1988&bti=ODszNWYuMDE6&ch=0&cr=3&dr=0&lr=all&cd=0%7C0%7C0%7C&cv=1&br=670&bt=335&cs=0&ds=6&ft=-Csk_mc3PD12N739Gh-UxIS5hY6e3wv252cAp&mime_type=video_mp4&qs=0&rc=aTZmNWdnZjtpaDY1aDM1O0BpM2x1aXE5cnRqNDMzODczNEBfY14vMy8wXi8xY141M18wYSNvY2ZfMmRra2lhLS1kMTFzcw%3D%3D&btag=e000a0000&expire=1752055531&l=202507071759429C91B701334DF9378A8F&ply_type=2&policy=2&signature=04cce0a21ecf06a7bf7ba4b38a846e4a&tk=tt_chain_token","https://p16-sign-sg.tiktokcdn.com/tos-alisg-p-0037/oMI0rGJh4rWFfW0wieDMeAARQhG8AV6AfQAAQC~tplv-tiktokx-origin.image?dr=14575&x-expires=1752051600&x-signature=mf0P6sWZwT0pYncJq0cermOMZBk%3D&t=4d5b0474&ps=13740610&shp=81f88b70&shcp=43f4a2f9&idc=my","27500","1238","37","133","7421496360875557905","Motiv-aksiTimothy","motiv.16","https://p16-sign-sg.tiktokcdn.com/tos-alisg-avt-0068/d38a23850b2da1a1275044f90d7f7777~tplv-tiktokx-cropcenter:1080:1080.jpeg?dr=14579&refresh_token=13574444&x-expires=1752051600&x-signature=l4ap05DAO9FNE41ba4hl4rVRrfY%3D&t=4d5b0474&ps=13740610&shp=a5d48078&shcp=81f88b70&idc=my","akademicrypto.com","No","6942338867110348802","Royalty","Egzod & Maestro Chives","https://p16-sg.tiktokcdn.com/aweme/100x100/tos-alisg-v-2774/oAfzMMsDW9B94t2i9SiTXEAaAZA7EwAzqVAoDB.jpeg","https://sf16-ies-music-sg.tiktokcdn.com/obj/tos-alisg-ve-2774/oAkASqm2BMXbVt1TBXiOozsbaAfgz1AIijwJW9","60","https://www.tiktok.com/@motiv.16/video/7524121814394522888"
"7510116280343579922","Keren bangetü•≥ #cryptowave #gabrielrey ",1748585213,116,"18","576","768","https://v19-webapp-prime.tiktok.com/video/tos/alisg/tos-alisg-pve-0037c001/oAeIwD3WBDSO8UR5tbFIgrEERAjLQ0qfEBBoUU/?a=1988&bti=ODszNWYuMDE6&ch=0&cr=3&dr=0&lr=all&cd=0%7C0%7C0%7C&cv=1&br=1180&bt=590&cs=0&ds=6&ft=-Csk_mc3PD12N739Gh-UxIS5hY6e3wv252cAp&mime_type=video_mp4&qs=0&rc=Njg1OGkzaDk8NTo6OWRnO0BpanFrOGs5cnRuMzMzODczNEAtNDFeMy1hXjMxMjAtYTQ1YSNhMGtzMmRraXBhLS1kMTFzcw%3D%3D&btag=e000b8000&expire=1752055201&l=202507071759429C91B701334DF9378A8F&ply_type=2&policy=2&signature=b5a4476780082ac7e341d2d68a1f5661&tk=tt_chain_token","https://p16-sign-sg.tiktokcdn.com/tos-alisg-p-0037/oU2RjOEM4f8w45UvEtrqSXgQDfAgFBFujBAoUQ~tplv-tiktokx-origin.image?dr=14575&x-expires=1752051600&x-signature=cPUh1s8nmHrpO0Q5TaUrc9P8wog%3D&t=4d5b0474&ps=13740610&shp=81f88b70&shcp=43f4a2f9&idc=my","1400000","62100","277","4777","7368718216317158405","Clip Pedia","clip.pedia","https://p16-sign-sg.tiktokcdn.com/tos-alisg-avt-0068/937e5fb49f257d13ed884fcb504825f3~tplv-tiktokx-cropcenter:1080:1080.jpeg?dr=14579&refresh_token=723c1637&x-expires=1752051600&x-signature=arXWj4KeVFf73OO5YZ8RuuejZQ8%3D&t=4d5b0474&ps=13740610&shp=a5d48078&shcp=81f88b70&idc=my","Mulai Invest / trading crypto: Triv.co.id","No","7500381567697980165","suara asli - lossaangeless2","Obi","https://p16-sign-va.tiktokcdn.com/musically-maliva-obj/1594805258216454~tplv-tiktokx-cropcenter:100:100.jpeg?dr=14579&refresh_token=9c383edc&x-expires=1752051600&x-signature=zDphlldipqXt%2B%2BUOTLdP6Kyw9FM%3D&t=4d5b0474&ps=13740610&shp=a5d48078&shcp=81f88b70&idc=my","https://v58.tiktokcdn.com/video/tos/useast2a/tos-useast2a-v-27dcd7/ocHUV0AUIEbMmkABraoUtDqBFIfRJGAfQCKFAJ/?a=1180&bti=ODszNWYuMDE6&ch=0&cr=0&dr=0&er=0&lr=default&cd=0%7C0%7C0%7C0&br=250&bt=125&ds=5&ft=.NpOcInz7ThLiMuKXq8Zmo&mime_type=audio_mpeg&qs=13&rc=M2dybHQ5cm9lMzMzNzU8M0BpM2dybHQ5cm9lMzMzNzU8M0BpMzEvMmQ0Xl9hLS1kMTZzYSNpMzEvMmQ0Xl9hLS1kMTZzcw%3D%3D&vvpl=1&l=202507071759429C91B701334DF9378A8F&VExpiration=1751968801&VSignature=maFwC6V7y9MOpd2Ym-hZAA&btag=e00078000&cc=14","18","https://www.tiktok.com/@clip.pedia/video/7510116280343579922"
"7494970559718067473","truk amerika di indonesia üòç #kenworth #trucks #trukmaniaindonesia ",1745058860,115,"8","576","1024","https://v19-webapp-prime.tiktok.com/video/tos/alisg/tos-alisg-pve-0037c001/okc3DrgPmEV7CEkoAkgaIfQGfwE4FBBUUDwRAF/?a=1988&bti=ODszNWYuMDE6&ch=0&cr=3&dr=0&lr=all&cd=0%7C0%7C0%7C&cv=1&br=4042&bt=2021&cs=0&ds=6&ft=-Csk_mc3PD12N739Gh-UxIS5hY6e3wv252cAp&mime_type=video_mp4&qs=0&rc=ZTw1ODVmNmY3ODUzZzo5NkBpM2RnbnI5cjpxMzMzODczNEA0Xl8uNGExXmAxMDA2Ly4tYSM2X2YtMmQ0bC5hLS1kMTFzcw%3D%3D&btag=e000b0000&expire=1752055191&l=202507071759429C91B701334DF9378A8F&ply_type=2&policy=2&signature=eea61cbc0903b94803a2fa50f1981a13&tk=tt_chain_token","https://p16-sign-sg.tiktokcdn.com/tos-alisg-p-0037/osvCLW5eANcQLDAgggFIjepGAIiIo7XJFNBega~tplv-tiktokx-origin.image?dr=14575&x-expires=1752051600&x-signature=lEtB%2FUW9E%2BxSJ4HWneXMqccuJWg%3D&t=4d5b0474&ps=13740610&shp=81f88b70&shcp=43f4a2f9&idc=my","214400","11200","85","410","7331935670686221314","prawidyaap2542","prawidyaap2542","https://p16-sign-va.tiktokcdn.com/tos-maliva-avt-0068/2286a4cd99a1b3438cd56b8e78500458~tplv-tiktokx-cropcenter:1080:1080.jpeg?dr=14579&refresh_token=eadb05ee&x-expires=1752051600&x-signature=H4A9zHaeIJA2HqEax7cCSFPcCqs%3D&t=4d5b0474&ps=13740610&shp=a5d48078&shcp=81f88b70&idc=my","Not Available","No","7488973544219478785","suara asli - Tan_Official","Tan_Official","https://p16-sign-va.tiktokcdn.com/tos-maliva-avt-0068/b21302fe445b8bbed627ff190fad464d~tplv-tiktokx-cropcenter:100:100.jpeg?dr=14579&refresh_token=12aa0ba0&x-expires=1752051600&x-signature=HPYe0Cp74AgShCTEtlZ0s5685%2F0%3D&t=4d5b0474&ps=13740610&shp=a5d48078&shcp=81f88b70&idc=my","https://v58.tiktokcdn.com/video/tos/alisg/tos-alisg-v-27dcd7/o4BuAoDwEACebEi0cvELKL1AatSA4woyAnBAiz/?a=1180&bti=ODszNWYuMDE6&ch=0&cr=0&dr=0&er=0&lr=default&cd=0%7C0%7C0%7C0&br=250&bt=125&ds=5&ft=.NpOcInz7ThLiMuKXq8Zmo&mime_type=audio_mpeg&qs=13&rc=Mztmdm85cmo1eTMzODU8NEBpMztmdm85cmo1eTMzODU8NEAtMmdnMmRrb2tgLS1kMS1zYSMtMmdnMmRrb2tgLS1kMS1zcw%3D%3D&vvpl=1&l=202507071759429C91B701334DF9378A8F&VExpiration=1751968803&VSignature=vl0h87j0SEl9gVutQVCCVQ&btag=e00078000&cc=14","20","https://www.tiktok.com/@prawidyaap2542/video/7494970559718067473"
"7519110189430197509","Ini dia guys 3 industri untuk jenjang karir dan peluang bisnis versi Bloomberg Terminal!",1750679271,116,"229","576","1024","https://v19-webapp-prime.tiktok.com/video/tos/useast2a/tos-useast2a-ve-0068c003/oMZ0P0xdfAA6Q8BzC3uZ7PEoFiIYJL4VMkiIgE/?a=1988&bti=ODszNWYuMDE6&ch=0&cr=3&dr=0&lr=all&cd=0%7C0%7C0%7C&cv=1&br=1556&bt=778&cs=0&ds=6&ft=-Csk_mc3PD12N739Gh-UxIS5hY6e3wv252cAp&mime_type=video_mp4&qs=0&rc=ZjxnNTNoO2ZmaWg8Njk5OUBpM3NueW45cnNtNDMzNzczM0BfL2MwMmEwNjIxLS4wNGAwYSMvbC00MmRzb2BhLS1kMTZzcw%3D%3D&btag=e00098000&expire=1752055412&l=202507071759429C91B701334DF9378A8F&ply_type=2&policy=2&signature=2650499d0b29bd3b1688300ea60a96cb&tk=tt_chain_token","https://p16-sign-va.tiktokcdn.com/tos-maliva-p-0068/o84ZIKra0EEACAgyQBLisBBiICBAAOAgJofTJu~tplv-tiktokx-origin.image?dr=14575&x-expires=1752051600&x-signature=Hnv5%2FfgpCQv3SsthcnpEBmCZQQ8%3D&t=4d5b0474&ps=13740610&shp=81f88b70&shcp=43f4a2f9&idc=my","421300","35100","175","1563","7337184515297100802","Gabriel Rey | CEO @triv.co.id","gabrielrey99","https://p16-sign-sg.tiktokcdn.com/tos-alisg-avt-0068/a831a4efdff3fb4d7da32b7c11155468~tplv-tiktokx-cropcenter:1080:1080.jpeg?dr=14579&refresh_token=c137fd99&x-expires=1752051600&x-signature=71WdXdTHQazHyAYHH6F6CbETl5w%3D&t=4d5b0474&ps=13740610&shp=a5d48078&shcp=81f88b70&idc=my","CEO & Founder of TRIV. One of the largest and oldest Indonesia crypto exchange","Yes","7519110271030414136","original sound - Gabriel Rey | CEO @triv.co.id","Gabriel Rey | CEO @triv.co.id","https://p16-sign-sg.tiktokcdn.com/tos-alisg-avt-0068/a831a4efdff3fb4d7da32b7c11155468~tplv-tiktokx-cropcenter:100:100.jpeg?dr=14579&refresh_token=67875484&x-expires=1752051600&x-signature=OoIVoNJktNxYBiAPOONeSfoTe90%3D&t=4d5b0474&ps=13740610&shp=a5d48078&shcp=81f88b70&idc=my","https://v58.tiktokcdn.com/video/tos/useast2a/tos-useast2a-v-27dcd7/ogHYArZQfrfPFVhCrLPfQNIGZGPve7JTmgEu5k/?a=1180&bti=ODszNWYuMDE6&ch=0&cr=0&dr=0&er=0&lr=default&cd=0%7C0%7C0%7C0&br=250&bt=125&ft=.NpOcInz7ThLiMuKXq8Zmo&mime_type=audio_mpeg&qs=6&rc=Ojw2OmdnNzRkZzRkZDs5ZUBpajxwd205cnVtNDMzNzU8M0A2MDZjMDYyNS0xY14uMF4vYSNkNGJzMmRzcWBhLS1kMTZzcw%3D%3D&vvpl=1&l=202507071759429C91B701334DF9378A8F&VExpiration=1751969012&VSignature=_1pEbRBK7Jlh4x-eIE8kWg&btag=e00098000&cc=14","229","https://www.tiktok.com/@gabrielrey99/video/7519110189430197509"
"7520881456835579152","Sebuah video Fitra Eri viral setelah ia menjelaskan bahwa meski mobil listrik punya limbah baterai, proses produksi bensin dari pengeboran minyak justru lebih merusak lingkungan. Ia menyebut, energi yang dikeluarkan untuk eksplorasi dan kilang sangat besar. Pernyataan ini jadi penyeimbang dalam debat mobil listrik. Sumber: shellion7.id (TikTok)",1751091710,"Not Available","56","576","1024","https://v19-webapp-prime.tiktok.com/video/tos/alisg/tos-alisg-pve-0037/owfPf2xABgBEoFgJ44D6QoIgXQGn8iV64FyCSZ/?a=1988&bti=ODszNWYuMDE6&ch=0&cr=3&dr=0&lr=all&cd=0%7C0%7C0%7C&cv=1&br=966&bt=483&cs=0&ds=6&ft=-Csk_mc3PD12N739Gh-UxIS5hY6e3wv252cAp&mime_type=video_mp4&qs=0&rc=ZDg7ZTZoNTw8aDM6ODhpZ0Bpand4ZXY5cnZyNDMzODgzNEA2NTVgLjAuXi8xMGFhNmI2YSNgMjEvMmRjZ2NhLS1kLy1zcw%3D%3D&btag=e00088000&expire=1752055239&l=202507071759429C91B701334DF9378A8F&ply_type=2&policy=2&signature=c2b8affce037d4b5cc6b425ab5a7f25b&tk=tt_chain_token","https://p16-sign-sg.tiktokcdn.com/tos-alisg-p-0037/oUFrMQAUQ2QAnsEfgEfAigWA5vMEED8xe3AmPz~tplv-tiktokx-origin.image?dr=14575&x-expires=1752051600&x-signature=6Vbza9zApErnn5nKVP1HbiC%2FXXY%3D&t=4d5b0474&ps=13740610&shp=81f88b70&shcp=43f4a2f9&idc=my","8149","123","21","2","7405146718385832965","GTN","gtid.news","https://p16-sign-sg.tiktokcdn.com/tos-alisg-avt-0068/e9970d6fe617417295d3d27b12119124~tplv-tiktokx-cropcenter:1080:1080.jpeg?dr=14579&refresh_token=48f1be15&x-expires=1752051600&x-signature=lYJwH59K5lEJtSgnkkEVekuWqvY%3D&t=4d5b0474&ps=13740610&shp=a5d48078&shcp=81f88b70&idc=my","Ai, Tech & üáÆüá©","No","7520881669847403265","original sound - GTN","GTN","https://p16-sign-sg.tiktokcdn.com/tos-alisg-avt-0068/e9970d6fe617417295d3d27b12119124~tplv-tiktokx-cropcenter:100:100.jpeg?dr=14579&refresh_token=9907ae90&x-expires=1752051600&x-signature=3YUBuvyBW05m9lpVZQ%2F7C9K64qE%3D&t=4d5b0474&ps=13740610&shp=a5d48078&shcp=81f88b70&idc=my","https://v58.tiktokcdn.com/video/tos/alisg/tos-alisg-v-27dcd7/oIE2fLvFQv4AGFS5TedCxfoMAgINDVpwjQk3gE/?a=1180&bti=ODszNWYuMDE6&ch=0&cr=0&dr=0&er=0&lr=default&cd=0%7C0%7C0%7C0&br=250&bt=125&ft=.NpOcInz7ThLiMuKXq8Zmo&mime_type=audio_mpeg&qs=6&rc=Ojs5N2hkaTo7OTY0aDVkOUBpanJxNG05cjNyNDMzODU8NEBfLTE0NS42NS8xMS5hXl4zYSNsa280MmRraGNhLS1kMS1zcw%3D%3D&vvpl=1&l=202507071759429C91B701334DF9378A8F&VExpiration=1751968839&VSignature=8YudHAeRuWCxIkZ1am2zOg&btag=e00088000&cc=14","56","https://www.tiktok.com/@gtid.news/video/7520881456835579152"
"7519879035086736647","Citroen - Dacia - Peugeot? Next Cars?  #SUV #CarTikTok #AI #AIart #ConceptCar #CarBuild #FYP #Viral #CustomCars #WidebodySUV #Slammed #Transformation #CarMods #ForYouPage #Peugeot #Dacia #Renault #Citroen #whatif ",1750858279,115,"8","576","1024","https://v16-webapp-prime.tiktok.com/video/tos/alisg/tos-alisg-pve-0037c001/oc2GLFI4fR8tjaQ3geRiIeoTQebWhQArSGLGAB/?a=1988&bti=ODszNWYuMDE6&ch=0&cr=3&dr=0&lr=all&cd=0%7C0%7C0%7C&cv=1&br=1934&bt=967&cs=0&ds=6&ft=-Csk_mc3PD12N739Gh-UxIS5hY6e3wv252cAp&mime_type=video_mp4&qs=0&rc=OWRmNjhmNjNlODZmOTZmM0BpM3I7NXk5cjV5NDMzODczNEA2Nl9eMjU2NS8xNTM0MjA2YSNxMmo0MmRjaGFhLS1kMTFzcw%3D%3D&btag=e000b0000&expire=1752055191&l=202507071759429C91B701334DF9378A8F&ply_type=2&policy=2&signature=9cf552c972ed7cd511ac26d19f20e45f&tk=tt_chain_token","https://p16-sign-sg.tiktokcdn.com/tos-alisg-p-0037/ogixIOFIAToiRvU3DADAQothj6QAeECIAfEYfB~tplv-tiktokx-origin.image?dr=14575&x-expires=1752051600&x-signature=rtuIfVwFCMpHyx8i3aIAlFO3Xp0%3D&t=4d5b0474&ps=13740610&shp=81f88b70&shcp=43f4a2f9&idc=my","9004","133","0","3","7174883882348708870","Car Culture Ai","carculture_ai","https://p16-sign-sg.tiktokcdn.com/tos-alisg-avt-0068/d044081c7aac90fa565cabdcf9a6cc60~tplv-tiktokx-cropcenter:1080:1080.jpeg?dr=14579&refresh_token=f64e0ff5&x-expires=1752051600&x-signature=%2F5c90gTHk8WRGbmW%2B6bF%2Fb3DkMo%3D&t=4d5b0474&ps=13740610&shp=a5d48078&shcp=81f88b70&idc=my","Yapay Zeka üöó D√∂n√º≈ü√ºm√º! AI Transforming! üî• Temu link ‚¨áÔ∏è Kod: inb073292","No","6889607397178869762","GTA San Andreas Theme (Remake)","Ben Morfitt (SquidPhysics)","https://p16-sg.tiktokcdn.com/aweme/100x100/tos-alisg-v-2774/ocr32awEiJBBfoRidrARDzVWyAkAsWAAEMidPJ.jpeg","https://sf16-ies-music-sg.tiktokcdn.com/obj/tos-alisg-ve-2774/ooHRgFDvzaD97YKswwEQXoCFedOAiurweMfmgj","60","https://www.tiktok.com/@carculture_ai/video/7519879035086736647"
"7521301138025598229","Orang Miskin Bisa nggak Begitu?? - Belajar Ai & Crypto Mulai Sekarang - Klik Link di Bio! #investment #mindset #timothyronald #investment #mindset #timothyronald #timothyronald #timothyronald #timothyronald #mindset #investment ",1751189393,120,"60","576","1024","https://v19-webapp-prime.tiktok.com/video/tos/alisg/tos-alisg-pve-0037c001/o43hRQg2oQUKEfBsBBYFL1cEIYDgvsAqogfP62/?a=1988&bti=ODszNWYuMDE6&ch=0&cr=3&dr=0&lr=all&cd=0%7C0%7C0%7C&cv=1&br=1498&bt=749&cs=0&ds=6&ft=-Csk_mc3PD12N739Gh-UxIS5hY6e3wv252cAp&mime_type=video_mp4&qs=0&rc=ZDdnOztnPGQzNDk8ZGhoOkBpM3VreHA5cmRqNDMzODczNEBgLWEwNS1iNS0xNC5iXzAxYSNsXm1fMmQ0YmRhLS1kMTFzcw%3D%3D&btag=e00090000&expire=1752055243&l=202507071759429C91B701334DF9378A8F&ply_type=2&policy=2&signature=7e9a2d53606e63217537051c35148feb&tk=tt_chain_token","https://p16-sign-sg.tiktokcdn.com/tos-alisg-p-0037/ocf3hA12QUAdJEIoBYFfBCghuBAAdoEwRADvE3~tplv-tiktokx-origin.image?dr=14575&x-expires=1752051600&x-signature=srDYFJPmzmkuuslGqEvWt2up7vM%3D&t=4d5b0474&ps=13740610&shp=81f88b70&shcp=43f4a2f9&idc=my","607200","38200","1392","3382","7255290057636447233","WealthMindset","wealthminds.id","https://p16-sign-sg.tiktokcdn.com/tos-alisg-avt-0068/ebb99d8ee2052d7875ddc09c02c8f088~tplv-tiktokx-cropcenter:1080:1080.jpeg?dr=14579&refresh_token=3e97c35e&x-expires=1752051600&x-signature=A%2FmOe9NAZ5%2FJ%2BNAIuZRLirAWcr4%3D&t=4d5b0474&ps=13740610&shp=a5d48078&shcp=81f88b70&idc=my","Belajar Ai & Crypto Dari Nol üëá","No","7521301201489644305","suara asli - WealthMindset","WealthMindset","https://p16-sign-sg.tiktokcdn.com/tos-alisg-avt-0068/ebb99d8ee2052d7875ddc09c02c8f088~tplv-tiktokx-cropcenter:100:100.jpeg?dr=14579&refresh_token=f08c5de2&x-expires=1752051600&x-signature=761kAImSZdnDCKgXH6dZLNk%2B4Bw%3D&t=4d5b0474&ps=13740610&shp=a5d48078&shcp=81f88b70&idc=my","https://v58.tiktokcdn.com/video/tos/alisg/tos-alisg-v-27dcd7/owgCwo4EDgmMoZfeAAATyv88ofDWCDQQAIgI86/?a=1180&bti=ODszNWYuMDE6&ch=0&cr=0&dr=0&er=0&lr=default&cd=0%7C0%7C0%7C0&br=250&bt=125&ds=5&ft=.NpOcInz7ThLiMuKXq8Zmo&mime_type=audio_mpeg&qs=13&rc=M2k5OnE5cjhqNDMzODU8NEBpM2k5OnE5cjhqNDMzODU8NEBscmVvMmRzY2RhLS1kMS1zYSNscmVvMmRzY2RhLS1kMS1zcw%3D%3D&vvpl=1&l=202507071759429C91B701334DF9378A8F&VExpiration=1751968843&VSignature=gRU658F5NaSIJ0JFI2yC3w&btag=e00050000&cc=14","60","https://www.tiktok.com/@wealthminds.id/video/7521301138025598229"
"7522783671779134776","save serius, operan misterius..  #afifyulistian #guava #crispycendy #meentut #alvinsusanto #fyp #mu ",1751534574,103,"22","768","576","https://v19-webapp-prime.tiktok.com/video/tos/useast2a/tos-useast2a-ve-0068c003/owir0gJDoBm97egFEIGkoAQ5EBWMfZDQDRIBTZ/?a=1988&bti=ODszNWYuMDE6&ch=0&cr=3&dr=0&lr=all&cd=0%7C0%7C0%7C&cv=1&br=2992&bt=1496&cs=0&ds=6&ft=-Csk_mc3PD12N739Gh-UxIS5hY6e3wv252cAp&mime_type=video_mp4&qs=0&rc=NDQzZzlpZWZpNmg0NTllaEBpandnO3g5cnA3NDMzNzczM0BiXmNeMmE1NTYxMGNeYmJhYSNsLWFyMmRjaWdhLS1kMTZzcw%3D%3D&btag=e000b8000&expire=1752055205&l=202507071759429C91B701334DF9378A8F&ply_type=2&policy=2&signature=43ca3880f64b8d2f2d02cd0a2e080864&tk=tt_chain_token","https://p16-sign-va.tiktokcdn.com/tos-maliva-p-0068/oUAA0JEIEBQoSKZfKSFJmgBJg9v2AEAbDCkRAf~tplv-tiktokx-dmt-logom:tos-useast2a-v-0068/o00viBA9SByGmzL9iIUAwzaSBEEAVQurLiAAZ.image?dr=14573&x-expires=1752051600&x-signature=qQ4f%2F9WtTWRSJzI52LDCm60DoMY%3D&t=4d5b0474&ps=13740610&shp=81f88b70&shcp=43f4a2f9&idc=my","4106","271","4","7","7505389797684069383","ADAANTK","ripahram","https://p16-sign-sg.tiktokcdn.com/tos-alisg-avt-0068/e6cfbf8662fd775ea53b0437309d9ad9~tplv-tiktokx-cropcenter:1080:1080.jpeg?dr=14579&refresh_token=81981ddb&x-expires=1752051600&x-signature=DRtS9JSpN7%2FTyu27ehoOFqy7h3Q%3D&t=4d5b0474&ps=13740610&shp=a5d48078&shcp=81f88b70&idc=my","Clippoah para strimer
enjoy watching it,
glory glory...","No","7522783724020419384","suara asli - nakclipz","ADAANTK","https://p16-sign-sg.tiktokcdn.com/tos-alisg-avt-0068/e6cfbf8662fd775ea53b0437309d9ad9~tplv-tiktokx-cropcenter:100:100.jpeg?dr=14579&refresh_token=17e56130&x-expires=1752051600&x-signature=sZxGZ%2BSFnDHX6MUB0tTV%2BXWhz0k%3D&t=4d5b0474&ps=13740610&shp=a5d48078&shcp=81f88b70&idc=my","https://v58.tiktokcdn.com/video/tos/useast2a/tos-useast2a-v-27dcd7/oMGQkQLYAJfbFHcPmW89ShMEeAmkkQQefAy9AZ/?a=1180&bti=ODszNWYuMDE6&ch=0&cr=0&dr=0&er=0&lr=default&cd=0%7C0%7C0%7C0&br=250&bt=125&ds=5&ft=.NpOcInz7ThLiMuKXq8Zmo&mime_type=audio_mpeg&qs=13&rc=ajZzaW05cnk3NDMzNzU8M0BpajZzaW05cnk3NDMzNzU8M0BwY3FkMmRra2dhLS1kMTZzYSNwY3FkMmRra2dhLS1kMTZzcw%3D%3D&vvpl=1&l=202507071759429C91B701334DF9378A8F&VExpiration=1751968805&VSignature=VILOO2i-ixLrOcV6AWOEYA&btag=e00078000&cc=14","22","https://www.tiktok.com/@ripahram/video/7522783671779134776"
"7503101330790141190","How To Get Infinite Money Glitch in Dead Rails üíÄü§ë #roblox #robloxmemes #robloxshorts #gaming #shorts #memes #fyp #fypage #fyppppppppppppppppppppppp #fypp #fyp„Ç∑„Çö #viral ",1746951922,103,"25","576","1024","https://v19-webapp-prime.tiktok.com/video/tos/useast2a/tos-useast2a-ve-0068c003/ooFEkIQkaF7fABJlIovlR0QD6EIufBpDEgXxEh/?a=1988&bti=ODszNWYuMDE6&ch=0&cr=3&dr=0&lr=all&cd=0%7C0%7C0%7C&cv=1&br=2262&bt=1131&cs=0&ds=6&ft=-Csk_mc3PD12N739Gh-UxIS5hY6e3wv252cAp&mime_type=video_mp4&qs=0&rc=aDY7M2g7OTVpPGZkNWhnM0Bpam5rbnE5cjw4MzMzNzczM0AwYGA1YWMvXzUxLi4tLzIyYSNzb2RqMmRjcWRhLS1kMTZzcw%3D%3D&btag=e000b8000&expire=1752055209&l=202507071759429C91B701334DF9378A8F&ply_type=2&policy=2&signature=9c654b8d471da68cf71f758749003cc8&tk=tt_chain_token","https://p16-sign-va.tiktokcdn.com/tos-maliva-p-0068/o8XC0gI4eABooUA7E7ACBA8gSEiuIEJibAjgvA~tplv-tiktokx-origin.image?dr=14575&x-expires=1752051600&x-signature=tvsCrtv94VSDNbKW91ba5LRJIMo%3D&t=4d5b0474&ps=13740610&shp=81f88b70&shcp=43f4a2f9&idc=my","23400","523","20","53","7459424203630199809","Steady","steadyrblx","https://p16-sign-sg.tiktokcdn.com/tos-alisg-avt-0068/be02b3edbf26d7719aa161f73f440fd4~tplv-tiktokx-cropcenter:1080:1080.jpeg?dr=14579&refresh_token=e90d785e&x-expires=1752051600&x-signature=AfXLNHPx7%2FJP1gsoLjiFzNoMaMk%3D&t=4d5b0474&ps=13740610&shp=a5d48078&shcp=81f88b70&idc=my","Subscribe to my YouTube!

Business inquiries:
üì© steadyroblox@gmail.com üì©","No","7503101424021162807","original sound - Steady","Steady","https://p16-sign-sg.tiktokcdn.com/tos-alisg-avt-0068/be02b3edbf26d7719aa161f73f440fd4~tplv-tiktokx-cropcenter:100:100.jpeg?dr=14579&refresh_token=9ed648f6&x-expires=1752051600&x-signature=AChppjIR%2BTvnbQVMcf00CHyU5P4%3D&t=4d5b0474&ps=13740610&shp=a5d48078&shcp=81f88b70&idc=my","https://v58.tiktokcdn.com/video/tos/useast2a/tos-useast2a-v-27dcd7/oEQASJAOTCLILELTfCvIXhPAAQo2geeBT4vGIu/?a=1180&bti=ODszNWYuMDE6&ch=0&cr=0&dr=0&er=0&lr=default&cd=0%7C0%7C0%7C0&br=250&bt=125&ds=5&ft=.NpOcInz7ThLiMuKXq8Zmo&mime_type=audio_mpeg&qs=13&rc=ajhnbHk5cjU4MzMzNzU8M0BpajhnbHk5cjU4MzMzNzU8M0BvY3NnMmRjcmRhLS1kMTZzYSNvY3NnMmRjcmRhLS1kMTZzcw%3D%3D&vvpl=1&l=202507071759429C91B701334DF9378A8F&VExpiration=1751968808&VSignature=j1tQO1xVqrPljdUofsxwZw&btag=e00078000&cc=14","25","https://www.tiktok.com/@steadyrblx/video/7503101330790141190"
"7523459430810144005","Tips FYP dari CEO Triv,Gabriel rey untuk clipper dan kreator lainnya #gabrielrey #tipsandtricks #foryoupage #fyp ",1751691909,116,"70","576","1024","https://v19-webapp-prime.tiktok.com/video/tos/useast2a/tos-useast2a-pve-0068/o8IF8EGi9xB5Im7N9aQIQ4DMsvAoiESi9kUvB/?a=1988&bti=ODszNWYuMDE6&ch=0&cr=3&dr=0&lr=all&cd=0%7C0%7C0%7C&cv=1&br=1188&bt=594&cs=0&ds=6&ft=-Csk_mc3PD12N739Gh-UxIS5hY6e3wv252cAp&mime_type=video_mp4&qs=0&rc=OjllaWc7OTZoZGc8OzlmZ0BpM3Zqc3U5cnNlNDMzNzczM0AvXzJeNjQ2X14xMS00NjQvYSNmNGVyMmRrMGhhLS1kMTZzcw%3D%3D&btag=e00090000&expire=1752055253&l=202507071759429C91B701334DF9378A8F&ply_type=2&policy=2&signature=ac23f8d501555ff39d59947dc5dc5018&tk=tt_chain_token","https://p16-sign-va.tiktokcdn.com/tos-maliva-p-0068/oUMoxiBUHGmSiQ8BIoaiE7U5EB7BS9klsAvBD~tplv-tiktokx-origin.image?dr=14575&x-expires=1752051600&x-signature=xCEKquovOrrFLNHyqXtAxUaCk9A%3D&t=4d5b0474&ps=13740610&shp=81f88b70&shcp=43f4a2f9&idc=my","24900","1982","41","96","7510516558926939152","CryptowaveClip","cw_cryptonews","https://p16-sign-sg.tiktokcdn.com/tos-alisg-avt-0068/d4bef794d4bea0d185d223970b35893a~tplv-tiktokx-cropcenter:1080:1080.jpeg?dr=14579&refresh_token=6ed75aa4&x-expires=1752051600&x-signature=rFApsF4h%2BP1f0feca6hRSYsPCOo%3D&t=4d5b0474&ps=13740610&shp=a5d48078&shcp=81f88b70&idc=my","Lintas berita tercepat @cryptowaveid  dan edukasi @Gabriel Rey | CEO @triv.co.id","No","7489534823525206806","Originalton","lyrics.tv01","https://p77-sign-va.tiktokcdn.com/tos-maliva-avt-0068/8ec4b1e1a6bb2e5dda8fd7723dc6aadc~tplv-tiktokx-cropcenter:100:100.jpeg?dr=14579&refresh_token=2654ada5&x-expires=1752051600&x-signature=j4%2BZ5ncUyBeMDapUDGuHDQsXM1U%3D&t=4d5b0474&ps=13740610&shp=a5d48078&shcp=81f88b70&idc=my","https://v58.tiktokcdn.com/video/tos/no1a/tos-no1a-v-2370-no/ocYTi4IfgoU5RgIIonh7WGAgGeEeLL6NJDAPFw/?a=1180&bti=ODszNWYuMDE6&ch=0&cr=0&dr=0&er=0&lr=default&cd=0%7C0%7C0%7C0&br=250&bt=125&ft=.NpOcInz7ThLiMuKXq8Zmo&mime_type=audio_mpeg&qs=6&rc=ODw4ODtkZTRkNzY5OTdlZEBpM20zbHI5cmk1eTMzbzU8NUA2Li4wMmIyXmIxM2IwLWAtYSNfMWNmMmRjbGxgLS1kMTFzcw%3D%3D&vvpl=1&l=202507071759429C91B701334DF9378A8F&VExpiration=1751968843&VSignature=ujfWHMYMvV9VTaaX2vy1Sw&btag=e00090000&cc=14","60","https://www.tiktok.com/@cw_cryptonews/video/7523459430810144005"
"7503480507338984709","Dosen yang nggak punya bisnis ngajarin bisnis #timothyronald #kalimasada #mindset #growthmindset #fypage ",1747040206,"Not Available","63","576","1024","https://v16-webapp-prime.tiktok.com/video/tos/useast2a/tos-useast2a-ve-0068c002/ogGGgTiEIgo0MxEfSuikhk4pKAvAgCA0BANIQ1/?a=1988&bti=ODszNWYuMDE6&ch=0&cr=3&dr=0&lr=all&cd=0%7C0%7C0%7C&cv=1&br=1584&bt=792&cs=0&ds=6&ft=I~da4oA-D12Nvw-wbWIxR~hNblBF-UjNSVopiX&mime_type=video_mp4&qs=0&rc=ZGg7Zzc0OWg1ZzQ8Z2RnOEBpMzM1N285cjl1MzMzNzczM0AzXmIvMmIuNS8xMzUzXjBjYSMyZ2RuMmRjY2RhLS1kMTZzcw%3D%3D&btag=e00090000&expire=1752055255&l=20250707175950C7CC9453AD4CC84C81B7&ply_type=2&policy=2&signature=99b7440d12db624e2adcce4d6abe029f&tk=tt_chain_token","https://p16-sign-va.tiktokcdn.com/tos-maliva-p-0068/oAt6E7EoiUWCB7IAvQA3iA1wih8GAIyEQaBA8~tplv-tiktokx-origin.image?dr=14575&x-expires=1752051600&x-signature=ksnJ4hKsohqmplGq9K2xkIlu6xI%3D&t=4d5b0474&ps=13740610&shp=81f88b70&shcp=43f4a2f9&idc=my","613900","47000","543","4610","7436227948309316609","Alukito","alukitoo","https://p16-sign-sg.tiktokcdn.com/tos-alisg-avt-0068/c8b1ef6a0b116da70f3100d63dd3cc69~tplv-tiktokx-cropcenter:1080:1080.jpeg?dr=14579&refresh_token=aec67a52&x-expires=1752051600&x-signature=xu5FagLhoxJPhC1qR%2BTcbiIJD0A%3D&t=4d5b0474&ps=13740610&shp=a5d48078&shcp=81f88b70&idc=my","Belajar Cara Bikin AI Canggih
Pertama Di Indonesia
Slot Terbatasüëá","No","7503480674016447287","suara asli - Alukito","Alukito","https://p16-sign-sg.tiktokcdn.com/tos-alisg-avt-0068/c8b1ef6a0b116da70f3100d63dd3cc69~tplv-tiktokx-cropcenter:100:100.jpeg?dr=14579&refresh_token=f24dd23c&x-expires=1752051600&x-signature=zZP3bU%2Bi%2B%2Fn7oBAV7plaoc6Vbwo%3D&t=4d5b0474&ps=13740610&shp=a5d48078&shcp=81f88b70&idc=my","https://v77.tiktokcdn.com/1ffb128673d3f25bfdf1e9a73cfb09d8/686cec57/video/tos/useast2a/tos-useast2a-v-27dcd7/oYQJ2vQAkFJLEIt3CfmgpheJAfGmFEAQyAegiG/?a=1180&bti=ODszNWYuMDE6&ch=0&cr=0&dr=0&er=0&lr=default&cd=0%7C0%7C0%7C0&br=250&bt=125&ds=5&ft=.NpOcInz7ThMiMuKXq8Zmo&mime_type=audio_mpeg&qs=13&rc=ajs8O3Q5cnd1MzMzNzU8M0Bpajs8O3Q5cnd1MzMzNzU8M0AtbWZgMmRzY2RhLS1kMTZzYSMtbWZgMmRzY2RhLS1kMTZzcw%3D%3D&vvpl=1&l=20250707175950C7CC9453AD4CC84C81B7&btag=e00050000&cc=13","63","https://www.tiktok.com/@alukitoo/video/7503480507338984709"
"7519442787155152134","pantesan cepet kaya #gabrielrey #cryptowave #4u ",1750756714,"Not Available","67","576","1024","https://v16-webapp-prime.tiktok.com/video/tos/useast2a/tos-useast2a-ve-0068c002/ogdtSQTIG8MnNCbfgIeXAtgeTL1RJQCIhG4jga/?a=1988&bti=ODszNWYuMDE6&ch=0&cr=3&dr=0&lr=all&cd=0%7C0%7C0%7C&cv=1&br=1212&bt=606&cs=0&ds=6&ft=I~da4oA-D12Nvw-wbWIxR~hNblBF-UjNSVopiX&mime_type=video_mp4&qs=0&rc=N2U4NGVlOTg5OjM3NWk8N0BpM3l2b2s5cnQ5NDMzNzczM0AyYjI2YDE0Xi4xMmJeNDZgYSNyNjBqMmRjbWFhLS1kMTZzcw%3D%3D&btag=e00090000&expire=1752055259&l=20250707175950C7CC9453AD4CC84C81B7&ply_type=2&policy=2&signature=9422107037cd55b33093d3547048c04f&tk=tt_chain_token","https://p16-sign-va.tiktokcdn.com/tos-maliva-p-0068/oE80nQR1IezNALjiTASI3gC2wTTtC4GGIQsejf~tplv-tiktokx-origin.image?dr=14575&x-expires=1752051600&x-signature=x47tZfP2G2vSKuK%2FeEIDvk%2BJUt0%3D&t=4d5b0474&ps=13740610&shp=81f88b70&shcp=43f4a2f9&idc=my","288700","17600","105","858","6960189256296186885","Gabriel Rey_clipss","gabriel_rey00","https://p16-sign-sg.tiktokcdn.com/tos-alisg-avt-0068/553211725b8662ad2b7e0d1bc1b944af~tplv-tiktokx-cropcenter:1080:1080.jpeg?dr=14579&refresh_token=b624856c&x-expires=1752051600&x-signature=TLzPT3XNGIYyhk4YqIB%2Bqi4XZxY%3D&t=4d5b0474&ps=13740610&shp=a5d48078&shcp=81f88b70&idc=my","""halo everyone""","No","7519442835394497285","suara asli - Gabriel Rey_clipss","Gabriel Rey_clipss","https://p16-sign-sg.tiktokcdn.com/tos-alisg-avt-0068/553211725b8662ad2b7e0d1bc1b944af~tplv-tiktokx-cropcenter:100:100.jpeg?dr=14579&refresh_token=a9033054&x-expires=1752051600&x-signature=1FQw2uCg0c4cDOoKsE8YTt3cxA4%3D&t=4d5b0474&ps=13740610&shp=a5d48078&shcp=81f88b70&idc=my","https://v77.tiktokcdn.com/4e4411315286367eefdbb3f97bc84675/686cec5b/video/tos/useast2a/tos-useast2a-v-27dcd7/owBfmF1bCXcJSDe4M4bBuGB1tDEUWo4JQQBaIv/?a=1180&bti=ODszNWYuMDE6&ch=0&cr=0&dr=0&er=0&lr=default&cd=0%7C0%7C0%7C0&br=250&bt=125&ft=.NpOcInz7ThMiMuKXq8Zmo&mime_type=audio_mpeg&qs=6&rc=ZjZkODs2Mzo3aDozOGk1ZEBpM3JvZXg5cnU5NDMzNzU8M0BjNl9fYDUyXzYxMjBgM19gYSNwbXIwMmRrbmFhLS1kMTZzcw%3D%3D&vvpl=1&l=20250707175950C7CC9453AD4CC84C81B7&btag=e00090000&cc=13","67","https://www.tiktok.com/@gabriel_rey00/video/7519442787155152134"